{"cameraMode":{"drawMode":0,"name":"Shaded","section":"Shading Mode"},"sceneLighting":true,"audioPlay":false,"sceneViewState":{"showFog":true,"showMaterialUpdate":true,"showSkybox":true,"showFlares":true,"showImageEffects":true,"showParticleSystems":true},"in2DMode":false,"pivot":{"x":-1.5735540390014649,"y":-0.5028805732727051,"z":5.9677605628967289},"rotation":{"x":-0.2081102877855301,"y":0.6899814605712891,"z":-0.21821577847003938,"w":-0.6580286622047424},"size":9.610393524169922,"orthographic":false}